Дата,Карьеры,Юридическое лицо,Наименование материала,Контакт,Цена,Ед.изм.,Насыпная плотность,Модуль крупности,Коэфициент фильтрации,Фракция,Марка прочности,Коэфициент морозостойкости,Геолокация,Транспорт,График
22.08.2025,Аленино,"ООО ""Фирма ММС""",Мытый песок,89166809518,"р.390,00",м3,"1,55","1,8",,-,-,-,"56.106931, 38.629356",Тонары + Одиночки,08-17 х 7
,Буяни,"ООО ""ГидроМехСервис""",Мытый песок,89067788518,"р.300,00",м3,"1,55","1,9",,-,-,-,"56.061952, 38.637596",Тонары + Одиночки,08-18 х 7
26.10.2024,Жуково,"ООО ""Алмаз""",Мытый песок,84959683745,"р.650,00",м3,"1,55","1,8",3,-,-,-,"55.508838, 38.025244",Одиночки,24 х 7
26.10.2024,Жуково,"ООО ""Алмаз""",Карьерный песок,84959683745,"р.650,00",м3,"1,5",2,3,-,-,-,"55.508838, 38.025244",Одиночки,24 х 7
23.10.2024,Октябрьский,"ООО ""Седрус""",Мытый песок,89035130688,"р.650,00",м3,"1,5","1,5",,-,-,-,"55.111284, 39.005193",Одиночки,08-16:30 х 5
17.04.2025,Сельниково,"ООО ""АгроПромНеруд""",Мытый песок,89859206466,"р.550,00",м3,"1,55","1,6","1,3",-,-,-,"55.133321, 39.157734",Тонары + Одиночки,08-18 х 7
,Озеры,"ООО ""Озеры-Неруд""",Мытый песок,89373155054,"р.650,00",м3,"1,55","1,5",,-,-,-,"54.882689, 38.606027",Одиночки,08-18 х 6
17.04.2025,Порт Коломна,"ООО ""ОМП""",мытый песок(нет),84966164039,"р.915,00",м3,"1,55",,,-,-,-,"55.075617, 38.888278",Одиночки,08-16:30 х 5
17.03.2025,Крутец,"ООО ""ТД КМФ""",Мытый песок,89607220275,"р.350,00",м3,"1,55","1,5",,-,-,-,"56.163804, 38.554115",Тонары + Одиночки,08-19:20 х 7
,Бисерово 2,"ООО ""Полигон механизации""",Мытый песок,89852227257,"р.450,00",м3,"1,7","2,1",,-,-,-,"55.785013, 38.123028",Одиночки,08-19 х 7
20.02.2025,Старая Купавна,"ООО ""СтройСигма""",Мытый песок,84951833626,"р.500,00",м3,"1,55",,,-,-,-,"55.789367, 38.207943",Тонары + Одиночки,24 х 7
28.04.2025,Осеево,"ООО ""ТОР2015""",Мытый песок,89057762438,"р.550,00",м3,"1,55","1,8",,-,-,-,"55.877038, 38.160045",Тонары + Одиночки,24 х 7
28.04.2025,Осеево,"ООО ""ТОР2015""",Карьерный песок,89057762438,"р.450,00",м3,"1,55",,,-,-,-,"55.877038, 38.160045",Тонары + Одиночки,24 х 7
,Васютино,"ООО ""Неруд-ЗТ""",Мытый песок,89067223050,"р.380,00",м3,"1,55",,,-,-,-,"55.877038, 38.160045",Одиночки,08-18 х 6
,Аксиньино,"ООО ""Проминвест""",Мытый песок,89775088860,"р.500,00",м3,"1,5",,"1,5",-,-,-,"56.023566, 38.230506",Тонары + Одиночки,24 х 7
,Аксиньино,"ООО ""Проминвест""",Карьерный песок,89775088860,"р.400,00",м3,"1,5",,"0,5",-,-,-,"56.023566, 38.230506",Тонары + Одиночки,24 х 7
,Михалевский,"ООО ""НедраПромСтрой""",,,,,,,,,,,,,
17.01.2025,Сказка,"ООО ""Стройконтракт""",карьерный песок,84967270395,"р.600,00",м3,"1,5",2,,-,-,-,"55.069925, 37.152163",Одиночки + Тонары,08-17*6
17.01.2025,Заболотье,,Карьерный песок,89261096666,"р.430,00",м3,,"1,4",,-,-,-,"55.440329, 37.677294",Одиночки,24 часа
17.01.2025,Заболотье,,Мытый песок,89261096666,"р.450,00",тн,,"1,5",,-,-,-,"55.440329, 37.677294",Одиночки + Тонары,24 часа
17.01.2025,Заболотье,,Мытый песок,89261096666,"р.450,00",тн,,"2,3",,-,-,-,"55.440329, 37.677294",Одиночки + Тонары,24 часа
17.01.2025,Бужарово,Рекультивация ,Карьерный песок,89296150000,"р.460,00",м3,,,,-,-,-,"55.945230, 36.938633",Одиночки,07-22
17.01.2025,Бужарово,Рекультивация ,Сеяный песок,89296150000,"р.520,00",м3,,,,-,-,-,"55.945230, 36.938633",Одиночки,08-19
,Пореченский,,Известняковый щебень,89056863719,"р.780,00",тн,-,-,-,5/20,М500,,"54.199168, 37.048160",Тонары,24 часа
17.04.2025,Есино,"ООО ""Рубин""",Намывной песок,84959683745,"р.700,00",м3,"1,55",2,3,-,-,-,"55.717407, 38.393011",Тонары + Одиночки,24 часа
,Дюкино,"ООО ""СтарСпецСтрой""",Известняковый щебень,89104908657,"р.800,00",тн,-,-,-,5/20,М400,,"56.015898, 41.072377",Тонары + Одиночки,
,Дюкино,"ООО ""СтарСпецСтрой""",Известняковый щебень,89104908657,"р.850,00",тн,-,-,-,20/40,М400,,"56.015898, 41.072377",Тонары + Одиночки,
,Дюкино,"ООО ""СтарСпецСтрой""",Известняковый щебень,89104908657,"р.750,00",тн,-,-,-,40/70,М400,,"56.015898, 41.072377",Тонары + Одиночки,
30.01.2025,Дачное,"ООО ""РУСАНД""",Мытый песок,89259271233,"р.350,00",м3,,,,-,-,-,"55.813630, 38.622320",Тонары + Одиночки,24х7
,Красково,,,,,,,,,,,,,,
27.11.2024,Ветчинские болота,"ООО ""КАРЬЕРОУПРАВЛЕНИЕ М-7""",Мытый песок,89056122604,"р.310,00",м3,"1,4",1.5,,-,-,-,"55.953494, 38.930251",Тонары + Одиночки,24 х 7
,Сопово,,Мытый песок,89032036596,"р.350,00",м3,"1,45","1,4","1,3",-,-,-,"55.998322, 38.738667",Тонары + Одиночки,07-16:30 х 5
14.04.2025,Путилово,,Песок Карьерный ,89269778881,"р.400,00",м3,1.5,1.9,1,,,,"56.110373, 38.098991",одиночки,8-20
05.02.2025,Лычево,"ООО ""Альянс-Фин-Строй""",Мытый,89269670000,"р.400,00",м3,,"1,6",2-3,,,,"56.180547, 38.128312",Тонары + Одиночки,
14.04.2025,Лычево,"ООО ""Альянс-Фин-Строй""",Карьерный песок,89269670000,"р.330,00",м3,1.45,1.6,,,,,"56.180547, 38.128312",,
05.02.2025,Магистральный,"ООО ""ТПК Магистральный""",Сеяный песок,89254422302,"р.340,00",м3,,"1,9",,,,,"56.482264, 38.418628",Тонары + Одиночки,
05.02.2025,Магистральный,"ООО ""ТПК Магистральный""",Карьерный песок,89254422302,"р.200,00",м3,,,,,,,"56.482264, 38.418628",Тонары + Одиночки,
20.02.2025,Искра,"ООО ""Недра-поиск""",Сеяный песок,89157672341,"р.230,00",м3,"1,55",2,1,-,-,-,"56.527239, 38.359675",Тонары + Одиночки,24 х 7
20.02.2025,Искра,"ООО ""Недра-поиск""",щебень  колотый ,89157672341,"р.2 400,00",м3,,,,20/40,,,"56.527239, 38.359675",Тонары + Одиночки,24 х 7
20.02.2025,Искра,"ООО ""Недра-поиск""",Щебень колотый ,89157672341,"р.2 400,00",м3,,,,40/70,,,"56.527239, 38.359675",Тонары + Одиночки,24 х 7
20.02.2025,ПГК Хорошего,"ООО ""ПГК"" Хорошего""",песок сеяный,84924428378,"р.600,00",,,"1,8-3,0",,,,,"56.582731, 38.531589",Тонары + Одиночки,24 х 7
20.02.2025,ПГК Хорошего,"ООО ""ПГК"" Хорошего""",песок сеяный,84924428378,"р.500,00",,,"1,8-2,5",,,,,"56.582731, 38.531589",Тонары + Одиночки,24 х 7
20.02.2025,ПГК Хорошего,"ООО ""ПГК"" Хорошего""",гравий сеяный ,84924428378,"р.2 000,00",,,,,5/20,,,"56.582731, 38.531589",Тонары + Одиночки,24 х 7
17.03.2025,МВК,"ООО ""МВК""",Сеяный песок,89299030412,"р.310,00",тн,"1,55","2,3",,-,-,-,"56.526987, 38.642074",Тонары + Одиночки,24 х 7
17.03.2025,МВК,"ООО ""МВК""",Мытый песок,89299030412,"р.400,00",тн,"1,63","2,3",,-,-,-,"56.526987, 38.642074",Тонары + Одиночки,24 х 7
17.03.2025,МВК,"ООО ""МВК""",Гравий,89299030412,"р.1 500,00",тн,"1,5",-,-,5/20,,,"56.526987, 38.642074",Тонары + Одиночки,24 х 7
17.03.2025,МВК,"ООО ""МВК""",Гравийный щебень,89299030412,"р.1 700,00",тн,"1,4",-,-,5/20,,,"56.526987, 38.642074",Тонары + Одиночки,24 х 7
17.03.2025,МВК,"ООО ""МВК""",Отсев дробления,89299030412,"р.250,00",тн,"1,4",-,-,-,-,-,"56.526987, 38.642074",Тонары + Одиночки,24 х 7
17.03.2025,Техноресурс,"ООО ""Техноресурс""",Гравий сеяный,89254176918,"р.1 500,00",тн,"1,5",-,-,5/20,,,"56.505470, 38.599438",Тонары + Одиночки,24 х 7
17.03.2025,Техноресурс,"ООО ""Техноресурс""",Гравий мытый,89254176918,"р.1 600,00",тн,"1,5",-,,5/20,,,"56.505470, 38.599438",Тонары + Одиночки,24 х 7
17.03.2025,Техноресурс,"ООО ""Техноресурс""",Гравий,89254176918,"р.935,00",тн,"1,5",-,-,20/40,,,"56.505470, 38.599438",Тонары + Одиночки,24 х 7
17.03.2025,Техноресурс,"ООО ""Техноресурс""",Сеяный песок,89254176918,"р.340,00",тн,"1,55","2,3",,,-,-,"56.505470, 38.599438",Тонары + Одиночки,24 х 7
17.03.2025,Техноресурс,"ООО ""Техноресурс""",Мытый песок,89254176918,"р.430,00",тн,"1,65","2,5",,,-,-,"56.505470, 38.599438",Тонары + Одиночки,24 х 7
17.03.2025,Техноресурс,"ООО ""Техноресурс""",Гравийный щебень сеяный,89254176918,"р.1 700,00",тн,"1,4",-,-,5/20,,,"56.505470, 38.599438",Тонары + Одиночки,24 х 7
17.03.2025,Техноресурс,"ООО ""Техноресурс""",Гравийный щебень мытый,89254176918,"р.1 800,00",тн,"1,4",-,-,5/20,,,"56.505470, 38.599438",Тонары + Одиночки,24 х 7
17.03.2025,Техноресурс,"ООО ""Техноресурс""",ЩПС С5,89254176918,"р.1 407,00",тн,"1,6",-,-,,,,"56.505470, 38.599438",Тонары + Одиночки,24 х 7
17.03.2025,Техноресурс,"ООО ""Техноресурс""",Гравийный щебень сеяный,89254176918,"р.1 700,00",тн,"1,4",-,-,20/40,,,"56.505470, 38.599438",Тонары + Одиночки,24 х 7
17.03.2025,Техноресурс,"ООО ""Техноресурс""",ПГС природный (30%камня),89254176918,"р.340,00",тн,"1,6",-,-,,,,"56.505470, 38.599438",Тонары + Одиночки,24 х 7
17.03.2025,Агат,"ООО ""Агат""",Сеяный песок,89629589585,"р.280,00",тн,"1,55","2,3",,,-,-,"56.551780, 38.812145",Тонары + Одиночки,24 х 7
17.03.2025,Агат,"ООО ""Агат""",Мытый песок,89629589585,"р.370,00",тн,"1,65","2,3",,,-,-,"56.551780, 38.812145",Тонары + Одиночки,24 х 7
17.03.2025,Агат,"ООО ""Агат""",Мытый песок,89629589585,"р.420,00",тн,"1,62","2,8",,,-,-,"56.551780, 38.812145",Тонары + Одиночки,24 х 7
17.03.2025,Агат,"ООО ""Агат""",Отсев щебня,89629589585,"р.280,00",тн,"1,6",,-,,,,"56.551780, 38.812145",Тонары + Одиночки,24 х 7
17.03.2025,Агат,"ООО ""Агат""",Гравий сеяный мытый,89629589585,"р.1 350,00",тн,"1,5",-,-,5/20,,,"56.551780, 38.812145",Тонары + Одиночки,24 х 7
17.03.2025,Агат,"ООО ""Агат""",Гравийный щебень сеяный,89629589585,"р.1 700,00",тн,"1,4",-,-,5/20,,,"56.551780, 38.812145",Тонары + Одиночки,24 х 7
17.03.2025,Агат,"ООО ""Агат""",Гравийный щебень мытый,89629589585,"р.1 700,00",тн,"1,4",-,-,5/20,,,"56.551780, 38.812145",Тонары + Одиночки,24 х 7
17.03.2025,ВРР,"ООО ""ВладРегионРесурс""",Сеяный песок 3кл,89262126862,"р.270,00",тн,"1,75",,,,-,,"56.598619, 38.450307",Тонары + Одиночки,24 х 7
17.03.2025,ВРР,"ООО ""ВладРегионРесурс""",Мытый песок,89262126862,"р.420,00",тн,"1,65",,,,-,,"56.598619, 38.450307",Тонары + Одиночки,24 х 7
17.03.2025,ВРР,"ООО ""ВладРегионРесурс""",Гравийный щебень мытый,89262126862,"р.1 800,00",тн,"1,4",-,-,5/20,,,"56.598619, 38.450307",Тонары + Одиночки,24 х 7
17.03.2025,ВРР,"ООО ""ВладРегионРесурс""",Гравийный щебень,89262126862,"р.1 700,00",тн,"1,4",-,-,5/20,,,"56.598619, 38.450307",Тонары + Одиночки,24 х 7
17.03.2025,ВРР,"ООО ""ВладРегионРесурс""",ЩПС С5,89262126862,"р.1 406,00",тн,"1,6",-,-,,,,"56.598619, 38.450307",Тонары + Одиночки,24 х 7
17.03.2025,ВРР,"ООО ""ВладРегионРесурс""",Гравийный щебень,89262126862,"р.1 700,00",тн,"1,37",-,-,20/40,,,"56.598619, 38.450307",Тонары + Одиночки,24 х 7
17.03.2025,ВРР,"ООО ""ВладРегионРесурс""",Отсев щебня,89262126862,"р.250,00",тн,"1,5",-,-,,,,"56.598619, 38.450307",Тонары + Одиночки,24 х 7
17.03.2025,ВРР,"ООО ""ВладРегионРесурс""",Гравий мытый,89262126862,"р.1 500,00",тн,"1,5",-,-,5/20,,,"56.598619, 38.450307",Тонары + Одиночки,24 х 7
17.03.2025,ВРР,"ООО ""ВладРегионРесурс""",Гравий сеяный,89262126862,"р.1 450,00",тн,"1,5",-,-,5/20,,,"56.598619, 38.450307",Тонары + Одиночки,24 х 7
17.03.2025,СТ,"ООО ""Современные технологии""",Гравий,89254176918,"р.1 450,00",тн,"1,5",-,-,5/20,,,"56.513898, 38.679269",Тонары + Одиночки,24 х 7
17.03.2025,СТ,"ООО ""Современные технологии""",Гравий,89254176918,"р.1 500,00",тн,"1,5",,,5/20,,,"56.513898, 38.679269",Тонары + Одиночки,24 х 7
17.03.2025,СТ,"ООО ""Современные технологии""",Сеяный песок,89254176918,"р.310,00",тн,"1,55",,,-,-,-,"56.513898, 38.679269",Тонары + Одиночки,24 х 7
17.03.2025,СТ,"ООО ""Современные технологии""",Мытый песок,89254176918,"р.380,00",тн,"1,63",,,-,-,-,"56.513898, 38.679269",Тонары + Одиночки,24 х 7
,Мякишево,"ООО ""ИБС Группа""",Мытый песок,89254176918,"р.400,00",тн,"1,63",,,-,-,-,"56.505470, 38.599438",Тонары + Одиночки,24 х 7
,Мякишево,"ООО ""ИБС Группа""",Гравий,89254176918,"р.1 400,00",тн,"1,5",,,5/20,,,"56.505470, 38.599438",Тонары + Одиночки,24 х 7
,Арбузово,"ООО ""НерудПром""",Песок мелкий 2 класса,89254176918,"р.350,00",тн,"1,6",,,,,,"56.267408, 37.227671",Тонары + Одиночки,24 х 7
17.03.2025,Игнатово,"ООО ""Веста""",Сеяный песок,89254176918,"р.500,00",тн,"1,6",,,,,,"56.179026, 37.549322",Тонары + Одиночки,24 х 7
17.03.2025,Игнатово,"ООО ""Веста""",Мытый песок,89254176918,"р.660,00",тн,"1,63",,,,,,"56.179026, 37.549322",Тонары + Одиночки,24 х 7
17.03.2025,Игнатово,"ООО ""Веста""",Отсев песка,89254176918,"р.155,00",тн,"1,62",,,,,,"56.179026, 37.549322",Тонары + Одиночки,24 х 7
17.03.2025,Игнатово,"ООО ""Веста""",Отсев щебня,89254176918,"р.500,00",тн,"1,58",,,,,,"56.179026, 37.549322",Тонары + Одиночки,24 х 7
17.03.2025,Игнатово,"ООО ""Веста""",Щебень гравийный,89254176918,"р.1 860,00",тн,"1,4",,,5/20,,,"56.179026, 37.549322",Тонары + Одиночки,24 х 7
17.03.2025,Игнатово,"ООО ""Веста""",Гравий,89254176918,"р.1 580,00",тн,"1,52",,,5/20,,,"56.179026, 37.549322",Тонары + Одиночки,24 х 7
17.03.2025,Игнатово,"ООО ""Веста""",Камень 300+,89254176918,"р.1 500,00",тн,2,,,300+,,,"56.179026, 37.549322",Тонары + Одиночки,24 х 7
,Бужарово,Рекультивация ,,,,,,,,,,,,,
,РИК,,Мытый песок средний,84957976555,"р.320,00",тн,,,,-,-,-,"56.506180, 38.697826",,
,РИК,,Мытый песок мелкий,84957976555,"р.270,00",тн,,,,-,-,-,"56.506180, 38.697826",,
,РИК,,Гравийный щебень ,84957976555,"р.1 700,00",тн,,-,-,5/20,,,"56.506180, 38.697826",,
,РИК,,Гравий,84957976555,"р.1 500,00",тн,,-,-,5/20,,,"56.506180, 38.697826",,
,РИК,,Сеяный песок,84957976555,"р.250,00",тн,,,,-,-,-,"56.506180, 38.697826",,
24.01.2025,Маломахово (Совьяки),"ООО ""Карьер Инвест""",Песок сеяный,89100943715,"р.400,00",тн,"1,55","2,7",3,-,-,-,"55.225687, 36.402993",Тонары + Одиночки,24 х 7
,Маломахово (Совьяки),"ООО ""Карьер Инвест""",Щебень гравийный,89100943715,"р.1 750,00",тн,"1,4",-,-,5/20,М800,,"55.225687, 36.402993",Тонары + Одиночки,24 х 7
,Маломахово (Совьяки),"ООО ""Карьер Инвест""",Щебень гравийный,89100943715,"р.1 650,00",тн,"1,4",-,-,20/40,М800,,"55.225687, 36.402993",Тонары + Одиночки,24 х 7
,Маломахово (Совьяки),"ООО ""Карьер Инвест""",Щебень гравийный,89100943715,"р.1 700,00",тн,"1,4",-,-,40/70,М800,,"55.225687, 36.402993",Тонары + Одиночки,24 х 7
,Мансурово,,,,,,,,,,,,,,
,Сычевский,,,,,,,,,,,,,,
,Беркино,,,,,,,,,,,,,,
,Орешки,"АО ""Объем""",Мытый песок,89857648229,"р.645,00",тн,"1,56","2,3",5,-,-,,"55.695645, 36.416060",Тонары + Одиночки,24 х 7
,Богаевский,,,,,,,,,,,,,,
,Глухово,,,,,,,,,,,,,,
,Болотское,,Карьерный песок,89105176806,"р.240,00",м3,"1,5","1,63","1,3",-,-,,"55.036427, 36.636876",Тонары + Одиночки,24 х 7
23.10.2024,Болотское,,Мытый песок,89105176806,"р.410,00",м3,"1,55",,,-,-,,"55.036427, 36.636876",Тонары + Одиночки,24 х 7
,Власово,,,,,,,,,,,,,,
,Пушкарка,,,,,,,,,,,,,,
07.04.2025,Потресово,,Сеяный,84843928015,"р.430,00",м3,1.55,1.79,,,,,"55.080556, 36.548283",Тонары + Одиночки,24х7
07.04.2025,Болотское,,Намывной ,89105176806,"р.430,00",м3,"1,55",,,,,,"55.036427, 36.636876",Тонары + Одиночки,8-17
,Мирный,,,,,,,,,,,,,,
,Болото,"ООО ""Кварц""",Мытый песок,89300745231,"р.485,00",м3,"1,5","2,3",2,-,-,-,"54.170974, 36.322850",Тонары + Одиночки,08-17 х 6
,Пятовский,,,,,,,,,,,,,,
05.03.2025,Карпово,,Известняковый щебень,89105856012,"р.1 100,00",тн,"1,29",,,5-20,М600,,"54.393027, 38.169960",Тонары + Одиночки,06-22 х 7
05.03.2025,Карпово,,Известняковый щебень,89105856012,"р.1 050,00",тн,"1,29",,,20-40,М600,,"54.393027, 38.169960",Тонары + Одиночки,06-22 х 7
05.03.2025,Карпово,,Известняковый щебень,89105856012,"р.970,00",тн,"1,29",,,40-70,М600,,"54.393027, 38.169960",Тонары + Одиночки,06-22 х 7
,Турдей,,,,,,,,,,,,,,
,Дубенский,,,,,,,,,,,,,,
,Хомяковский,,,,,,,,,,,,,,
,Пореченский,,,,,,,,,,,,,,
,Берниково,,,,,,,,,,,,,,
,Веневский,,,,,,,,,,,,,,
,Симбухово,,,,,,,,,,,,,,
,Корчевские дворики 2,,Мытый песок,89056408609,"р.300,00",м3,,"2,1","1,1",,,,"55.036427, 36.636876",,06-18 х 7
26.11.2024,Литвиново,"ООО ""Мирлан""",Карьерный песок,89255285331,"р.380,00",м3,"1,66","1,6",3,,,,"56.011575, 38.132466",Одиночки,24 х 7
05.12.2024,Коломенский,,Известняковый щебень,89152861325,"р.1 100,00",тн,,,,40-70,,,,,
21.03.2025,Петровское (щелково),"ООО ""ГК ГМ""",Карьерный песок,89031948704,"р.330,00",м3,"1,6","1,5",1,,,,"56.088995, 38.190649",Одиночки,24 х 7
17.01.2025,Луховицы,,Известняковый щебень,,,,,,,,,,,,
05.03.2025,Матыра,,Известняковый щебень,89859777847,"р.900,00",тн,"1,29",,,5-20,М400,,"54.961272, 38.838820",Тонары + Одиночки,08-19 х 7
05.03.2025,Матыра,,Известняковый щебень,89859777847,"р.1 000,00",тн,"1,27",,,20-40,М400,,"54.961272, 38.838820",Тонары + Одиночки,08-19 х 7
05.03.2025,Матыра,,Известняковый щебень,,"р.1 000,00",тн,"1,25",,,40-70,М400,,"54.961272, 38.838820",Тонары + Одиночки,08-19 х 7
24.01.2025,Пушкарка,,ЩПС С4,89651206590,р.920,тн,1.55,,,5-20,,,"54.383773, 38.275669",Тонары + Одиночки,24 х7
24.01.2025,Пушкарка,,ЩПС С4,89651206590,р.920,тн,1.55,,,20-40,,,"54.383773, 38.275669",Тонары + Одиночки,24 х7
24.01.2025,Пушкарка,,ЩПС С4,89651206590,р.920,тн,1.55,,,40-70,,,"54.383773, 38.275669",Тонары + Одиночки,24 х7
24.01.2025,Пушкарка,,ЩПС С5,89651206590,р.920,тн,1.55,,,5-20,,,"54.383773, 38.275669",Тонары + Одиночки,24 х7
24.01.2025,Пушкарка,,ЩПС С5,89651206590,р.920,тн,1.55,,,20-40,,,"54.383773, 38.275669",Тонары + Одиночки,24 х7
24.01.2025,Маломахово (Совьяки),"ООО ""Карьер Инвест""",Песок мытый,89100943715,"р.640,00",тн,"1,55","2,7",3.9,-,-,-,"55.225687, 36.402993",Тонары + Одиночки,24 х 7
24.01.2025,Маломахово (Совьяки),"ООО ""Карьер Инвест""",ЩПС С5,89100943715,"р.1 300,00",тн,"1,65",,,-,-,-,"55.225687, 36.402993",Тонары + Одиночки,24 х 7
24.01.2025,Восточные берники ,,ЩПС С4,,"р.750,00",тн,1.55,,,,,,"54.283148, 37.254636",тонары + Одиночки,24х7
24.01.2025,Восточные берники ,,ЩПС С5,,"р.750,00",тн,1.55,,,,,,"54.283148, 37.254636",тонары + Одиночки,24х7
24.01.2025,Исма ,,ЩПС С4,89672477981,"р.2 500,00",м3,1.6,,,,,,"55.934737, 37.741770",тонары + Одиночки,
24.01.2025,Исма ,,ЩПС С5,89672477981,"р.2 500,00",м3,1.6,,,,,,"55.934737, 37.741770",тонары + Одиночки,
24.01.2025,Брыково горы ,,Гравийный щебень,,"р.1 350,00",тн,1.4,,,3/10,,,"56.433068, 38.458153",,
17.04.2025,Мирный,,Песок мытый,89057793009,"р.850,00",м3,1.55,2-2.2,,более 5,,,"54.889174, 37.440394",Тонары + Одиночки,24х7
05.03.2025,Коллонтай ,,щебень известняковый ,89651206590,"р.1 050,00",тн,,,,5-20,,,"55.048621, 36.532093",Тонары + Одиночки,24х7
05.03.2025,Коллонтай ,,щебень известняковый ,89651206590,"р.1 050,00",тн,,,,20-40,,,"55.048621, 36.532094",Тонары + Одиночки,24x7
05.03.2025,Коллонтай ,,щебень известняковый ,89651206590,"р.1 050,00",тн,,,,40-70,,,"55.048621, 36.532095",Тонары + Одиночки,24x7
30.01.2025,Коллонтай ,,отсев,89651206590,"р.200,00",тн,,,,,,,"55.048621, 36.532096",Тонары + Одиночки,24x7
05.03.2025,селивановский ,,щебень известняковый ,84842598192,"р.1 380,00",м3,,,,5-20,,,"54.451009, 36.773339",Тонары + Одиночки,24х7
05.03.2025,селивановский ,,щебень известняковый ,84842598192,"р.1 260,00",м3,,,,20-40,,,"54.451009, 36.773340",Тонары + Одиночки,24х7
07.04.2025,Потресово,,песок карьерный ,84843928015,"р.280,00",м3,"1,52",1.89,,,,,"55.080556, 36.548283",Тонары + Одиночки,24х7
05.03.2025,андреевский ,,щебень известняковый ,89805133800,"р.1 200,00",тн,,,,5-20,,,"54.370155, 36.206703",Тонары + Одиночки,24х7
31.01.2025,Морево,"ООО ""Омега Сервис""",Песок мытый,,"р.550,00",тн,,"2,42","8,46",,,,"55.657396, 36.386741",,
04.02.2025,Вагоноремонтная ,,отсев гранитный ,89250994374,"р.2 250,00",тн,,,"1,6",,,,"55.902769, 37.534475",Тонары + Одиночки,
04.02.2025,Вагоноремонтная ,,гранитный щебень,89250994374,"р.2 750,00",тн,"1,4",,,5-20,,,"55.902769, 37.534475",Тонары + Одиночки,
04.02.2025,Вагоноремонтная ,,гранитный щебень,89250994374,"р.2 600,00",тн,,,,20-40,,,"55.902769, 37.534475",Тонары + Одиночки,
04.02.2025,Вагоноремонтная ,,гранитный щебень,89250994374,"р.2 600,00",тн,,,,40-70,,,"55.902769, 37.534475",Тонары + Одиночки,
04.02.2025,Вагоноремонтная ,,Известняковый щебень,89250994374,"р.1 900,00",тн,"1,3",,,5-20,,,"55.902769, 37.534475",Тонары + Одиночки,
20.02.2025,Вагоноремонтная ,,Известняковый щебень,89250994374,"р.1 880,00",тн,"1,3",,,20-40,,,"55.902769, 37.534475",Тонары + Одиночки,
20.02.2025,Вагоноремонтная ,,Известняковый щебень,89250994374,"р.1 850,00",тн,"1,3",,,40-70,,,"55.902769, 37.534475",Тонары + Одиночки,
04.02.2025,Вагоноремонтная ,,гранитный щебень,89250994374,"р.3 150,00",тн,,,,10-20,,,"55.902769, 37.534475",Тонары + Одиночки,
04.02.2025,Вагоноремонтная ,,отсев гравийный ,89250994374,"р.950,00",тн,,,,0-5,,,"55.902769, 37.534475",Тонары + Одиночки,
04.02.2025,Вагоноремонтная ,,Гравийный щебень,89250994374,"р.2 100,00",тн,,,,5-20,,,"55.902769, 37.534475",Тонары + Одиночки,
04.02.2025,Вагоноремонтная ,,Гравийный щебень,89250994374,"р.2 100,00",тн,,,,20-40,,,"55.902769, 37.534475",Тонары + Одиночки,
04.02.2025,Вагоноремонтная ,,Гравийный щебень,89250994374,"р.2 100,00",тн,,,,40-70,,,"55.902769, 37.534475",Тонары + Одиночки,
04.02.2025,Вагоноремонтная ,,ЩПС на гравии С4,89250994374,"р.1 700,00",тн,,,,20-40,,,"55.902769, 37.534475",Тонары + Одиночки,
04.02.2025,Вагоноремонтная ,,ЩПС на гравии С5,89250994374,"р.1 700,00",тн,,,,20-40,,,"55.902769, 37.534475",Тонары + Одиночки,
04.02.2025,Вагоноремонтная ,,ЩПС на граните С4,89250994374,"р.2 400,00",тн,,,,,,,"55.902769, 37.534475",Тонары + Одиночки,
04.02.2025,Вагоноремонтная ,,ЩПС на граните С5,89250994374,"р.2 400,00",тн,,,"1,5",,,,"55.902769, 37.534475",Тонары + Одиночки,
04.02.2025,Вагоноремонтная ,,сеяный песок ,89250994374,"р.780,00",тн,,,,,,,"55.902769, 37.534475",Тонары + Одиночки,
13.02.2025,Товарково,Терекс групп,щебень известняковый ,89263652515,"р.1 000,00",тн,"1,27",,,5-20,М600,,"54.693248, 35.982889",Тонары + Одиночки,08-19 х 7
13.02.2025,Товарково,Терекс групп,щебень известняковый ,89263652515,"р.1 000,00",тн,"1,28",,,20-40,М600,,"54.693248, 35.982889",Тонары + Одиночки,08-19 х 7
13.02.2025,Товарково,Терекс групп,щебень известняковый ,89263652515,"р.1 000,00",тн,"1,3",,,40-70,М600,,"54.693248, 35.982889",Тонары + Одиночки,08-19 х 7
13.02.2025,Товарково,Терекс групп,ЩПС С4/С5,89263652515,"р.1 000,00",тн,,,,,,,"54.693248, 35.982889",Тонары + Одиночки,08-19 х 7
13.02.2025,Товарково,Терекс групп,бутовый камень,89263652515,"р.1 100,00",тн,,,,,,,"54.693248, 35.982889",Тонары + Одиночки,08-19 х 7
05.03.2025,Пореченский,Терекс групп,щебень известняковый ,89263652515,"р.780,00",тн,,,,5-20,М400/600,,"54.693248, 35.982889",Тонары + Одиночки,24х7
05.03.2025,Пореченский,Терекс групп,щебень известняковый ,89263652515,"р.720,00",тн,,,,20-40,М600,,"54.693248, 35.982889",Тонары + Одиночки,24х7
05.03.2025,Пореченский,Терекс групп,щебень известняковый ,89263652515,"р.780,00",тн,,,,40-70,М600,,"54.693248, 35.982889",Тонары + Одиночки,24х7
20.02.2025,ПГК Хорошего,"ООО ""ПГК"" Хорошего""",щебень гравийный ,84924428378,"р.2 500,00",м3,,,,5/20,,,"56.582731, 38.531589",Тонары + Одиночки,24 х 7
20.02.2025,ПГК Хорошего,"ООО ""ПГК"" Хорошего""",щебень гравийный ,84924428378,"р.2 300,00",м3,,,,20/40,,,"56.582731, 38.531589",Тонары + Одиночки,24 х 7
20.02.2025,Карьер Ульянки,,песок формовочный ,89251959970,"р.700,00",м3,,1.6-2,,,,,"56.257373, 37.620314",,
20.02.2025,Карьер Ульянки,,песок формовочный ,89251959970,"р.700,00",м3,,2.4-2.8,,,,,"56.257373, 37.620314",,
20.02.2025,Искра,"ООО ""Недра-поиск""",Гравий ,89157672341,"р.2 200,00",м3,,,,20/40,,,"56.527239, 38.359675",Тонары + Одиночки,24 х 7
20.02.2025,Глазово,,Песок Сеяный ,89201770058,"р.295,00",тн,"1,6","1,55",,,,,"56.123795, 36.995529",Одиночки,
20.02.2025,Перевалка Дорожная ,Сатори,отсев,84994445294,"р.250,00",м3,,,,,,,,Тонары + Одиночки,8-21
20.02.2025,Перевалка Дорожная ,Сатори,Щебень Вторичный ,84994445294,"р.1 600,00",м3,,,,20/40,М400,,"55.615796, 37.630353",Тонары + Одиночки,8-21
20.02.2025,Перевалка Дорожная ,Сатори,Щебень Вторичный ,84994445294,"р.1 700,00",м3,,,,40/70,М400,,"55.615796, 37.630353",Тонары + Одиночки,8-21
20.02.2025,Перевалка Дорожная ,Сатори,Щебень Вторичный ,84994445294,"р.1 700,00",м3,,,,70/120,М400,,"55.615796, 37.630353",Тонары + Одиночки,8-21
25.02.2025,Порт Беседы ,,Речной песок ,84957294447,"р.1 250,00",м3,"1,5","2-2,5",,,,,"55.615305, 37.794304",Тонары + Одиночки,24х7
25.02.2025,Порт Дубна ,,Речной песок ,89637885218,"р.680,00",м3,1.4,1.6,,,,,"56.749390, 37.233170",Тонары + Одиночки,8-17
28.02.2025,Маломахово (Совьяки),"ООО ""Карьер Инвест""",ЩПС С4,89100943715,"р.1 300,00",тн,"1,65",,,-,M800,-,"55.225687, 36.402993",Тонары + Одиночки,24 х 7
04.03.2025,УГЛЫНЬ,,Карьерный песок,89296150000,"р.440,00",м3,,,,,,,"55.816512,36.368927",Одиночки,с 8:00 до 19:00
04.03.2025,УГЛЫНЬ,,сеяный песок ,89296150000,"р.500,00",м3,,,,,,,"55.816512,36.368928",Одиночки,с 8:00 до 19:00
05.03.2025,Исма ,,ПГС,89672477981,"р.2 200,00",м3,,,,,,,"55.934737, 37.741770",тонары + Одиночки,24х7
05.03.2025,андреевский ,,щебень известняковый ,89805133800,"р.1 000,00",тн,,,,20-40,,,"54.370155, 36.206703",Тонары + Одиночки,24х7
05.03.2025,андреевский ,,щебень известняковый ,89805133800,"р.1 000,00",тн,,,,40-70,,,"54.370155, 36.206703",Тонары + Одиночки,24х7
13.03.2025,Эко-Щебень,,Вторичный щебень,84956658313,"р.1 650,00",м3,,,,5-20,М400,,"55.715951, 37.830994",тонары + Одиночки,24х7
13.03.2025,Эко-Щебень,,Вторичный щебень,84956658313,"р.1 600,00",м3,,,,20-40,М400,,"55.715951, 37.830994",тонары + Одиночки,24х7
13.03.2025,Эко-Щебень,,Вторичный щебень,84956658313,"р.1 550,00",м3,,,,40-70,М400,,"55.715951, 37.830994",тонары + Одиночки,24х7
13.03.2025,г.Долгопрудный,,Вторичный щебень,84992900807,"р.1 600,00",м3,,,,20-40,М400,,"55.925879, 37.497171",тонары + Одиночки,8-21
13.03.2025,г.Долгопрудный,,Вторичный щебень,84992900807,"р.1 700,00",м3,,,,40-70,М400,,"55.925879, 37.497171",тонары + Одиночки,8-21
13.03.2025,г.Долгопрудный,,Отсев,84992900807,"р.250,00",м3,,,,,,,"55.925879, 37.497171",тонары + Одиночки,8-21
13.03.2025,ПлатонСтрой,,Вторичный щебень,89852221722,"р.1 500,00",м3,,,,5-20,М400,,"55.563217, 37.768093",тонары + Одиночки,8-20
13.03.2025,ПлатонСтрой,,Вторичный щебень,89852221722,"р.1 500,00",м3,,,,20-40,М400,,"55.563217, 37.768093",тонары + Одиночки,8-20
13.03.2025,ПлатонСтрой,,Вторичный щебень,89852221722,"р.1 500,00",м3,,,,40-70,М400,,"55.563217, 37.768093",тонары + Одиночки,8-20
17.03.2025,ТрансИнвест,,Вторичный щебень,,"р.1 500,00",м3,"1,29",,,5-20,,,"55.701534, 37.439229",тонары + Одиночки,7:30-18:30
17.03.2025,ТрансИнвест,,Вторичный щебень,,"р.1 600,00",м3,"1,27",,,20-40,,,"55.701534, 37.439229",тонары + Одиночки,7:30-18:30
17.03.2025,ТрансИнвест,,Вторичный щебень,,"р.1 600,00",м3,"1,21",,,40-70,,,"55.701534, 37.439229",тонары + Одиночки,7:30-18:30
17.03.2025,ТрансИнвест,,Вторичный щебень микс,,"р.500,00",м3,,,,0-20,,,"55.701534, 37.439229",тонары + Одиночки,7:30-18:30
17.03.2025,ТрансИнвест,,Вторичный щебень микс,,"р.1 000,00",м3,,,,20-40,,,"55.701534, 37.439229",тонары + Одиночки,7:30-18:30
17.03.2025,ТрансИнвест,,Вторичный щебень микс,,"р.1 000,00",м3,,,,40-70,,,"55.701534, 37.439229",тонары + Одиночки,7:30-18:30
17.03.2025,Карьер Подгорненский ,,Песок Обогащенный,84959937639,"р.700,00",тн,"1,6",,,,,,"56.162246, 37.344826",тонары + Одиночки,24х7
17.03.2025,Карьер Подгорненский ,,щебень,84959937639,"р.700,00",тн,"1,6",,,5-20,,,"56.162246, 37.344826",тонары + Одиночки,24х7
17.03.2025,Карьер Подгорненский ,,Щебень гравий ,84959937639,"р.1 500,00",тн,"1,5",,,5-20,,,"56.162246, 37.344826",тонары + Одиночки,24х7
17.03.2025,Карьер Подгорненский ,,Щебень ,84959937639,"р.1 850,00",тн,"1,5",,,20-40,,,"56.162246, 37.344826",тонары + Одиночки,24х7
17.03.2025,Карьер Подгорненский ,,Камень 100+,84959937639,"р.1 500,00",тн,2,,,,,,"56.162246, 37.344826",тонары + Одиночки,24х7
17.03.2025,Карьер Туханка ,,Песок сеяный ,,"р.270,00",тн,"1,75",,,,,,"56.599490, 38.446878",тонары + Одиночки,24х7
17.03.2025,Карьер Туханка ,,Песок мытый,,"р.420,00",тн,"1,65","2,4-2,6",,,,,"56.599490, 38.446878",тонары + Одиночки,24х7
17.03.2025,Карьер Туханка ,,Щебень Гравийный мытый,,"р.1 800,00",тн,"1,4",,,5-20,,,"56.599490, 38.446878",тонары + Одиночки,24х7
17.03.2025,Карьер Туханка ,,Щебень Гравийный,,"р.1 700,00",тн,"1,75",,,5-20,,,"56.599490, 38.446878",тонары + Одиночки,24х7
17.03.2025,Карьер Туханка ,,Щебень Гравийный ,,"р.1 700,00",тн,"1,37",,,20-40,,,"56.599490, 38.446878",тонары + Одиночки,24х7
17.03.2025,Карьер Туханка ,,ЩПС С5,,"р.1 406,00",тн,"1,6",,,,,,"56.599490, 38.446878",тонары + Одиночки,24х7
17.03.2025,Карьер Туханка ,,Отсев щебня,,"р.250,00",тн,"1,5",,,,,,"56.599490, 38.446878",тонары + Одиночки,24х7
17.03.2025,Карьер Туханка ,,Гравий мытый,,"р.1 500,00",тн,"1,5",,,5-20,,,"56.599490, 38.446878",тонары + Одиночки,24х7
17.03.2025,Карьер Туханка ,,Гравий Сеяный,,"р.1 450,00",тн,"1,5",,,5-20,,,"56.599490, 38.446878",тонары + Одиночки,24х7
17.03.2025,СТ,"ООО ""Современные технологии""",Сеяный песок 2 класса ,89254176918,"р.150,00",тн,"1,55",,,-,-,-,"56.513898, 38.679269",Тонары + Одиночки,24 х 7
17.03.2025,ИБС ГРУППА,,Песок мытый,,"р.400,00",тн,"1,63",,,,,,"56.519156, 38.567826",Тонары + Одиночки,24х7
17.03.2025,ИБС ГРУППА,,Гравий ,,"р.1 400,00",тн,"1,5",,,5-20,,,"56.519156, 38.567826",Тонары + Одиночки,24х7
17.03.2025,Крутец,"ООО ""ТД КМФ""",Песок строительный ,89607220275,"р.250,00",м3,,,,-,-,-,"56.163804, 38.554115",Тонары + Одиночки,08-19:20 х 7
17.03.2025,Крутец,"ООО ""ТД КМФ""",Песок строительный мытый,89607220275,"р.350,00",м3,,,,-,-,-,"56.163804, 38.554115",Тонары + Одиночки,08-19:20 х 7
17.03.2025,СТК,,ЩПС С4,89295501430,"р.920,00",тн,,,,,,,"55.422191, 36.127510",Тонары + Одиночки,24х7
17.03.2025,СТК,,ЩПС С5,89295501430,"р.920,00",тн,,,,,,,"55.422191, 36.127510",Тонары + Одиночки,24х7
01.04.2025,Раздолье,,Песок мытый,89645633377,,,,,,,,,,,24х7
01.04.2025,Раздолье,,песок карьерный ,89645633377,,, ,,,,,,,,24х7
17.06.2025,Лоза ,,песок намывной ,89295074139,"р.450,00",м3,,"1,4",,,,,"56.257986, 38.174888",Тонары + Одиночки,
17.06.2025,Лоза ,,песок намывной ,89295074139,"р.700,00",м3,,"2,65",,,,,"56.257986, 38.174888",Тонары + Одиночки,
20.05.2025,Хотьковское КУ,,песок мытый,84965418844,"р.700,00",м3,"1,6",2.1,,,,,,Тонары + Одиночки,08-17х6
20.05.2025,Хотьковское КУ,,щебень гравийный,84965418844,"р.2 400,00",м3,,,,5-40,600,100,,Тонары + Одиночки,08-17х6
20.05.2025,Хотьковское КУ,,щебень гравийный,84965418844,"р.2 800,00",м3,,,,5-20,600,100,,Тонары + Одиночки,08-17х6
20.05.2025,Хотьковское КУ,,щебень гравийный,84965418844,"р.2 800,00",м3,,,,20-40,600,100,,Тонары + Одиночки,08-17х6
23.05.2025,Бухары 2,,песок карьерный ,89255853359,"р.200,00",м3,"1,47","1,8",7,,,,56.343196 38.586684,Тонары + Одиночки,08-20х7
27.05.2025,Дрезна,"ООО ""АкваСпецПроект""",песок мытый,7 925 519-25-06,"р.500,00",м3,"1,55","1,8",,,,,"55.718144, 38.834545",Тонары + Одиночки,08-20х7
17.06.2025,Красногорский,,Песок мытый,89296781328,"р.450,00",м3,,,,,,,"56.830651, 36.057528",,
17.06.2025,Красногорский,,Песок карьерный ,89296781328,"р.400,00",м3,,,,,,,"56.830651, 36.057528",,
17.06.2025,Сазоново,,ЩПС,89296781328,"р.1 750,00",м3,,,,,800,,"55.201979, 35.961157",,
17.06.2025,Богдановский,,щебень известняковый ,89296781328,"р.800,00",тн,,,,5-20,600-800,,"54.217233, 36.640965",,
17.06.2025,Богдановский,,щебень известняковый ,89296781328,"р.800,00",тн,,,,20-40,600-800,,"54.217233, 36.640965",,
17.06.2025,Богдановский,,щебень известняковый ,89296781328,"р.800,00",тн,,,,40-70,600-800,,"54.217233, 36.640965",,